{"widgets_tw-column.md":"213f231e","widgets_tw-wrap.md":"0d97b8f1","widgets_tw-inkwell.md":"24da39c4","widgets_tw-container.md":"28928b17","widgets_tw-button.md":"6c5fe391","core-concepts_adding-custom-styles.md":"0b784907","index.md":"e794800e","extensions_getters.md":"f5dd1b44","widgets_tw-row.md":"1424f1fc","extensions_methods.md":"10718b46","effects_box-shadow.md":"31d4c303","colors_background-color.md":"935c17b1","colors_text-color.md":"75118bf8","core-concepts_ui-centric.md":"af59751f","effects_opacity.md":"a42bcba8","customizations_spacing.md":"1c6bccec","colors_gradient-color.md":"d88f6193","core-concepts_dark-mode.md":"1b14b435","widgets_tw-padding.md":"bcd04dc4","colors_dark-theme.md":"ec8d5a6d","customizations_configuration.md":"faf967aa","introduction.md":"19dd29d6","customizations_opacity.md":"d6f430de","customizations_colors.md":"6985ab97","colors_border-color.md":"1a90fdeb","customizations_font-sizes.md":"f2fd4499","widgets_tw-stack.md":"9ac1368b","markdown-examples.md":"947f50c5","installation.md":"1869f9a2","api-examples.md":"966dc61c","widgets_tw-text.md":"b7c667f6","core-concepts_reusable-styles.md":"adbb2c64"}
